{"schemaVersion":"1.0","appDefinitionTemplate":{"id":"/providers/Microsoft.PowerApps/apps/","type":"Microsoft.PowerApps/apps","tags":{"primaryDeviceWidth":"640","primaryDeviceHeight":"1136","sienaVersion":"20211117T041812Z-3.21111.35.0","deviceCapabilities":"","supportsPortrait":"true","supportsLandscape":"true","primaryFormFactor":"Phone","publisherVersion":"3.21111.35","minimumRequiredApiVersion":"2.2.0","hasComponent":"false","hasUnlockedComponent":"false","isUnifiedRootApp":"false"},"properties":{"appVersion":"2021-11-17T04:18:12Z","lifeCycleId":"Published","createdByClientVersion":{"major":3,"minor":21111,"build":35,"revision":0,"majorRevision":0,"minorRevision":0},"minClientVersion":{"major":3,"minor":21111,"build":35,"revision":0,"majorRevision":0,"minorRevision":0},"backgroundColor":"RGBA(0,176,240,1)","backgroundImageUri":"/13563626830379175516/Nf27238d8-44e8-4efa-b58b-98095e58061f-logoSmallFile","displayName":"PasswordGen","description":"","commitMessage":"","appUris":{"documentUri":{"value":"/13563626830379175516/Nb19603ab-0f4a-48d0-813d-ea452c784090-document.msapp"},"imageUris":[]},"createdTime":"0001-01-01T00:00:00Z","lastModifiedTime":"0001-01-01T00:00:00Z","sharedGroupsCount":0,"sharedUsersCount":0,"icons":{"smallIconUri":"/13563626830379175516/N45613861-05ff-4ba9-8f89-1b2ff45b5459-small.png","mediumIconUri":"/13563626830379175516/N69b48813-5d9e-479e-afe4-90965337a97b-medium.png","largeIconUri":"/13563626830379175516/Ne62de1ff-6cb3-4f67-96c1-ad4ccac5caa9-large.png","wideIconUri":"/13563626830379175516/Nc2288fb5-9f31-460a-b40c-34767e749819-wide.png"},"connectionReferences":{},"databaseReferences":{},"almMode":"Environment","performanceOptimizationEnabled":true,"canConsumeAppPass":true,"executionRestrictions":{"isTeamsOnly":false,"dataLossPreventionEvaluationResult":{"status":"Compliant","lastEvaluationDate":"2021-11-17T02:17:19.9239227Z","violations":[],"violationsByPolicy":[],"violationErrorMessage":"このアプリでは、次のコネクタが使用されます: 。"}}},"appType":"ClassicCanvasApp","appComponents":[]}}